ds,holiday,country,year
1995-01-01,New Year's Day,JP,1995
1995-01-02,Substitute Holiday,JP,1995
1995-01-15,Coming of Age Day,JP,1995
1995-01-16,Substitute Holiday,JP,1995
1995-02-11,Foundation Day,JP,1995
1995-03-21,Vernal Equinox Day,JP,1995
1995-04-29,Greenery Day,JP,1995
1995-05-03,Constitution Day,JP,1995
1995-05-04,National Holiday,JP,1995
1995-05-05,Children's Day,JP,1995
1995-09-15,Respect for the Aged Day,JP,1995
1995-09-23,Autumnal Equinox,JP,1995
1995-10-10,Physical Education Day,JP,1995
1995-11-03,Culture Day,JP,1995
1995-11-23,Labor Thanksgiving Day,JP,1995
1995-12-23,Emperor's Birthday,JP,1995
1996-01-01,New Year's Day,JP,1996
1996-01-15,Coming of Age Day,JP,1996
1996-02-11,Foundation Day,JP,1996
1996-02-12,Substitute Holiday,JP,1996
1996-03-20,Vernal Equinox Day,JP,1996
1996-04-29,Greenery Day,JP,1996
1996-05-03,Constitution Day,JP,1996
1996-05-04,National Holiday,JP,1996
1996-05-05,Children's Day,JP,1996
1996-05-06,Substitute Holiday,JP,1996
1996-07-20,Marine Day,JP,1996
1996-09-15,Respect for the Aged Day,JP,1996
1996-09-16,Substitute Holiday,JP,1996
1996-09-23,Autumnal Equinox,JP,1996
1996-10-10,Physical Education Day,JP,1996
1996-11-03,Culture Day,JP,1996
1996-11-04,Substitute Holiday,JP,1996
1996-11-23,Labor Thanksgiving Day,JP,1996
1996-12-23,Emperor's Birthday,JP,1996
1997-01-01,New Year's Day,JP,1997
1997-01-15,Coming of Age Day,JP,1997
1997-02-11,Foundation Day,JP,1997
1997-03-20,Vernal Equinox Day,JP,1997
1997-04-29,Greenery Day,JP,1997
1997-05-03,Constitution Day,JP,1997
1997-05-05,Children's Day,JP,1997
1997-07-20,Marine Day,JP,1997
1997-07-21,Substitute Holiday,JP,1997
1997-09-15,Respect for the Aged Day,JP,1997
1997-09-23,Autumnal Equinox,JP,1997
1997-10-10,Physical Education Day,JP,1997
1997-11-03,Culture Day,JP,1997
1997-11-23,Labor Thanksgiving Day,JP,1997
1997-11-24,Substitute Holiday,JP,1997
1997-12-23,Emperor's Birthday,JP,1997
1998-01-01,New Year's Day,JP,1998
1998-01-15,Coming of Age Day,JP,1998
1998-02-11,Foundation Day,JP,1998
1998-03-21,Vernal Equinox Day,JP,1998
1998-04-29,Greenery Day,JP,1998
1998-05-03,Constitution Day,JP,1998
1998-05-04,Substitute Holiday,JP,1998
1998-05-05,Children's Day,JP,1998
1998-07-20,Marine Day,JP,1998
1998-09-15,Respect for the Aged Day,JP,1998
1998-09-23,Autumnal Equinox,JP,1998
1998-10-10,Physical Education Day,JP,1998
1998-11-03,Culture Day,JP,1998
1998-11-23,Labor Thanksgiving Day,JP,1998
1998-12-23,Emperor's Birthday,JP,1998
1999-01-01,New Year's Day,JP,1999
1999-01-15,Coming of Age Day,JP,1999
1999-02-11,Foundation Day,JP,1999
1999-03-21,Vernal Equinox Day,JP,1999
1999-03-22,Substitute Holiday,JP,1999
1999-04-29,Greenery Day,JP,1999
1999-05-03,Constitution Day,JP,1999
1999-05-04,National Holiday,JP,1999
1999-05-05,Children's Day,JP,1999
1999-07-20,Marine Day,JP,1999
1999-09-15,Respect for the Aged Day,JP,1999
1999-09-23,Autumnal Equinox,JP,1999
1999-10-10,Physical Education Day,JP,1999
1999-10-11,Substitute Holiday,JP,1999
1999-11-03,Culture Day,JP,1999
1999-11-23,Labor Thanksgiving Day,JP,1999
1999-12-23,Emperor's Birthday,JP,1999
2000-01-01,New Year's Day,JP,2000
2000-01-10,Coming of Age Day,JP,2000
2000-02-11,Foundation Day,JP,2000
2000-03-20,Vernal Equinox Day,JP,2000
2000-04-29,Greenery Day,JP,2000
2000-05-03,Constitution Day,JP,2000
2000-05-04,National Holiday,JP,2000
2000-05-05,Children's Day,JP,2000
2000-07-20,Marine Day,JP,2000
2000-09-15,Respect for the Aged Day,JP,2000
2000-09-23,Autumnal Equinox,JP,2000
2000-10-09,Physical Education Day,JP,2000
2000-11-03,Culture Day,JP,2000
2000-11-23,Labor Thanksgiving Day,JP,2000
2000-12-23,Emperor's Birthday,JP,2000
2001-01-01,New Year's Day,JP,2001
2001-01-08,Coming of Age Day,JP,2001
2001-02-11,Foundation Day,JP,2001
2001-02-12,Substitute Holiday,JP,2001
2001-03-20,Vernal Equinox Day,JP,2001
2001-04-29,Greenery Day,JP,2001
2001-04-30,Substitute Holiday,JP,2001
2001-05-03,Constitution Day,JP,2001
2001-05-04,National Holiday,JP,2001
2001-05-05,Children's Day,JP,2001
2001-07-20,Marine Day,JP,2001
2001-09-15,Respect for the Aged Day,JP,2001
2001-09-23,Autumnal Equinox,JP,2001
2001-09-24,Substitute Holiday,JP,2001
2001-10-08,Physical Education Day,JP,2001
2001-11-03,Culture Day,JP,2001
2001-11-23,Labor Thanksgiving Day,JP,2001
2001-12-23,Emperor's Birthday,JP,2001
2001-12-24,Substitute Holiday,JP,2001
2002-01-01,New Year's Day,JP,2002
2002-01-14,Coming of Age Day,JP,2002
2002-02-11,Foundation Day,JP,2002
2002-03-21,Vernal Equinox Day,JP,2002
2002-04-29,Greenery Day,JP,2002
2002-05-03,Constitution Day,JP,2002
2002-05-04,National Holiday,JP,2002
2002-05-05,Children's Day,JP,2002
2002-05-06,Substitute Holiday,JP,2002
2002-07-20,Marine Day,JP,2002
2002-09-15,Respect for the Aged Day,JP,2002
2002-09-16,Substitute Holiday,JP,2002
2002-09-23,Autumnal Equinox,JP,2002
2002-10-14,Physical Education Day,JP,2002
2002-11-03,Culture Day,JP,2002
2002-11-04,Substitute Holiday,JP,2002
2002-11-23,Labor Thanksgiving Day,JP,2002
2002-12-23,Emperor's Birthday,JP,2002
2003-01-01,New Year's Day,JP,2003
2003-01-13,Coming of Age Day,JP,2003
2003-02-11,Foundation Day,JP,2003
2003-03-21,Vernal Equinox Day,JP,2003
2003-04-29,Greenery Day,JP,2003
2003-05-03,Constitution Day,JP,2003
2003-05-05,Children's Day,JP,2003
2003-07-21,Marine Day,JP,2003
2003-09-15,Respect for the Aged Day,JP,2003
2003-09-23,Autumnal Equinox,JP,2003
2003-10-13,Physical Education Day,JP,2003
2003-11-03,Culture Day,JP,2003
2003-11-23,Labor Thanksgiving Day,JP,2003
2003-11-24,Substitute Holiday,JP,2003
2003-12-23,Emperor's Birthday,JP,2003
2004-01-01,New Year's Day,JP,2004
2004-01-12,Coming of Age Day,JP,2004
2004-02-11,Foundation Day,JP,2004
2004-03-20,Vernal Equinox Day,JP,2004
2004-04-29,Greenery Day,JP,2004
2004-05-03,Constitution Day,JP,2004
2004-05-04,National Holiday,JP,2004
2004-05-05,Children's Day,JP,2004
2004-07-19,Marine Day,JP,2004
2004-09-20,Respect for the Aged Day,JP,2004
2004-09-23,Autumnal Equinox,JP,2004
2004-10-11,Physical Education Day,JP,2004
2004-11-03,Culture Day,JP,2004
2004-11-23,Labor Thanksgiving Day,JP,2004
2004-12-23,Emperor's Birthday,JP,2004
2005-01-01,New Year's Day,JP,2005
2005-01-10,Coming of Age Day,JP,2005
2005-02-11,Foundation Day,JP,2005
2005-03-20,Vernal Equinox Day,JP,2005
2005-03-21,Substitute Holiday,JP,2005
2005-04-29,Greenery Day,JP,2005
2005-05-03,Constitution Day,JP,2005
2005-05-04,National Holiday,JP,2005
2005-05-05,Children's Day,JP,2005
2005-07-18,Marine Day,JP,2005
2005-09-19,Respect for the Aged Day,JP,2005
2005-09-23,Autumnal Equinox,JP,2005
2005-10-10,Physical Education Day,JP,2005
2005-11-03,Culture Day,JP,2005
2005-11-23,Labor Thanksgiving Day,JP,2005
2005-12-23,Emperor's Birthday,JP,2005
2006-01-01,New Year's Day,JP,2006
2006-01-02,Substitute Holiday,JP,2006
2006-01-09,Coming of Age Day,JP,2006
2006-02-11,Foundation Day,JP,2006
2006-03-21,Vernal Equinox Day,JP,2006
2006-04-29,Greenery Day,JP,2006
2006-05-03,Constitution Day,JP,2006
2006-05-04,National Holiday,JP,2006
2006-05-05,Children's Day,JP,2006
2006-07-17,Marine Day,JP,2006
2006-09-18,Respect for the Aged Day,JP,2006
2006-09-23,Autumnal Equinox,JP,2006
2006-10-09,Physical Education Day,JP,2006
2006-11-03,Culture Day,JP,2006
2006-11-23,Labor Thanksgiving Day,JP,2006
2006-12-23,Emperor's Birthday,JP,2006
2007-01-01,New Year's Day,JP,2007
2007-01-08,Coming of Age Day,JP,2007
2007-02-11,Foundation Day,JP,2007
2007-02-12,Substitute Holiday,JP,2007
2007-03-21,Vernal Equinox Day,JP,2007
2007-04-29,Showa Day,JP,2007
2007-04-30,Substitute Holiday,JP,2007
2007-05-03,Constitution Day,JP,2007
2007-05-04,Greenery Day,JP,2007
2007-05-05,Children's Day,JP,2007
2007-07-16,Marine Day,JP,2007
2007-09-17,Respect for the Aged Day,JP,2007
2007-09-23,Autumnal Equinox,JP,2007
2007-09-24,Substitute Holiday,JP,2007
2007-10-08,Physical Education Day,JP,2007
2007-11-03,Culture Day,JP,2007
2007-11-23,Labor Thanksgiving Day,JP,2007
2007-12-23,Emperor's Birthday,JP,2007
2007-12-24,Substitute Holiday,JP,2007
2008-01-01,New Year's Day,JP,2008
2008-01-14,Coming of Age Day,JP,2008
2008-02-11,Foundation Day,JP,2008
2008-03-20,Vernal Equinox Day,JP,2008
2008-04-29,Showa Day,JP,2008
2008-05-03,Constitution Day,JP,2008
2008-05-04,Greenery Day,JP,2008
2008-05-05,Children's Day,JP,2008
2008-05-06,Substitute Holiday,JP,2008
2008-07-21,Marine Day,JP,2008
2008-09-15,Respect for the Aged Day,JP,2008
2008-09-23,Autumnal Equinox,JP,2008
2008-10-13,Physical Education Day,JP,2008
2008-11-03,Culture Day,JP,2008
2008-11-23,Labor Thanksgiving Day,JP,2008
2008-11-24,Substitute Holiday,JP,2008
2008-12-23,Emperor's Birthday,JP,2008
2009-01-01,New Year's Day,JP,2009
2009-01-12,Coming of Age Day,JP,2009
2009-02-11,Foundation Day,JP,2009
2009-03-20,Vernal Equinox Day,JP,2009
2009-04-29,Showa Day,JP,2009
2009-05-03,Constitution Day,JP,2009
2009-05-04,Greenery Day,JP,2009
2009-05-05,Children's Day,JP,2009
2009-05-06,Substitute Holiday,JP,2009
2009-07-20,Marine Day,JP,2009
2009-09-21,Respect for the Aged Day,JP,2009
2009-09-22,National Holiday,JP,2009
2009-09-23,Autumnal Equinox,JP,2009
2009-10-12,Physical Education Day,JP,2009
2009-11-03,Culture Day,JP,2009
2009-11-23,Labor Thanksgiving Day,JP,2009
2009-12-23,Emperor's Birthday,JP,2009
2010-01-01,New Year's Day,JP,2010
2010-01-11,Coming of Age Day,JP,2010
2010-02-11,Foundation Day,JP,2010
2010-03-21,Vernal Equinox Day,JP,2010
2010-03-22,Substitute Holiday,JP,2010
2010-04-29,Showa Day,JP,2010
2010-05-03,Constitution Day,JP,2010
2010-05-04,Greenery Day,JP,2010
2010-05-05,Children's Day,JP,2010
2010-07-19,Marine Day,JP,2010
2010-09-20,Respect for the Aged Day,JP,2010
2010-09-23,Autumnal Equinox,JP,2010
2010-10-11,Physical Education Day,JP,2010
2010-11-03,Culture Day,JP,2010
2010-11-23,Labor Thanksgiving Day,JP,2010
2010-12-23,Emperor's Birthday,JP,2010
2011-01-01,New Year's Day,JP,2011
2011-01-10,Coming of Age Day,JP,2011
2011-02-11,Foundation Day,JP,2011
2011-03-21,Vernal Equinox Day,JP,2011
2011-04-29,Showa Day,JP,2011
2011-05-03,Constitution Day,JP,2011
2011-05-04,Greenery Day,JP,2011
2011-05-05,Children's Day,JP,2011
2011-07-18,Marine Day,JP,2011
2011-09-19,Respect for the Aged Day,JP,2011
2011-09-23,Autumnal Equinox,JP,2011
2011-10-10,Physical Education Day,JP,2011
2011-11-03,Culture Day,JP,2011
2011-11-23,Labor Thanksgiving Day,JP,2011
2011-12-23,Emperor's Birthday,JP,2011
2012-01-01,New Year's Day,JP,2012
2012-01-02,Substitute Holiday,JP,2012
2012-01-09,Coming of Age Day,JP,2012
2012-02-11,Foundation Day,JP,2012
2012-03-20,Vernal Equinox Day,JP,2012
2012-04-29,Showa Day,JP,2012
2012-04-30,Substitute Holiday,JP,2012
2012-05-03,Constitution Day,JP,2012
2012-05-04,Greenery Day,JP,2012
2012-05-05,Children's Day,JP,2012
2012-07-16,Marine Day,JP,2012
2012-09-17,Respect for the Aged Day,JP,2012
2012-09-22,Autumnal Equinox,JP,2012
2012-10-08,Physical Education Day,JP,2012
2012-11-03,Culture Day,JP,2012
2012-11-23,Labor Thanksgiving Day,JP,2012
2012-12-23,Emperor's Birthday,JP,2012
2012-12-24,Substitute Holiday,JP,2012
2013-01-01,New Year's Day,JP,2013
2013-01-14,Coming of Age Day,JP,2013
2013-02-11,Foundation Day,JP,2013
2013-03-20,Vernal Equinox Day,JP,2013
2013-04-29,Showa Day,JP,2013
2013-05-03,Constitution Day,JP,2013
2013-05-04,Greenery Day,JP,2013
2013-05-05,Children's Day,JP,2013
2013-05-06,Substitute Holiday,JP,2013
2013-07-15,Marine Day,JP,2013
2013-09-16,Respect for the Aged Day,JP,2013
2013-09-23,Autumnal Equinox,JP,2013
2013-10-14,Physical Education Day,JP,2013
2013-11-03,Culture Day,JP,2013
2013-11-04,Substitute Holiday,JP,2013
2013-11-23,Labor Thanksgiving Day,JP,2013
2013-12-23,Emperor's Birthday,JP,2013
2014-01-01,New Year's Day,JP,2014
2014-01-13,Coming of Age Day,JP,2014
2014-02-11,Foundation Day,JP,2014
2014-03-21,Vernal Equinox Day,JP,2014
2014-04-29,Showa Day,JP,2014
2014-05-03,Constitution Day,JP,2014
2014-05-04,Greenery Day,JP,2014
2014-05-05,Children's Day,JP,2014
2014-05-06,Substitute Holiday,JP,2014
2014-07-21,Marine Day,JP,2014
2014-09-15,Respect for the Aged Day,JP,2014
2014-09-23,Autumnal Equinox,JP,2014
2014-10-13,Physical Education Day,JP,2014
2014-11-03,Culture Day,JP,2014
2014-11-23,Labor Thanksgiving Day,JP,2014
2014-11-24,Substitute Holiday,JP,2014
2014-12-23,Emperor's Birthday,JP,2014
2015-01-01,New Year's Day,JP,2015
2015-01-12,Coming of Age Day,JP,2015
2015-02-11,Foundation Day,JP,2015
2015-03-21,Vernal Equinox Day,JP,2015
2015-04-29,Showa Day,JP,2015
2015-05-03,Constitution Day,JP,2015
2015-05-04,Greenery Day,JP,2015
2015-05-05,Children's Day,JP,2015
2015-05-06,Substitute Holiday,JP,2015
2015-07-20,Marine Day,JP,2015
2015-09-21,Respect for the Aged Day,JP,2015
2015-09-22,National Holiday,JP,2015
2015-09-23,Autumnal Equinox,JP,2015
2015-10-12,Physical Education Day,JP,2015
2015-11-03,Culture Day,JP,2015
2015-11-23,Labor Thanksgiving Day,JP,2015
2015-12-23,Emperor's Birthday,JP,2015
2016-01-01,New Year's Day,JP,2016
2016-01-11,Coming of Age Day,JP,2016
2016-02-11,Foundation Day,JP,2016
2016-03-20,Vernal Equinox Day,JP,2016
2016-03-21,Substitute Holiday,JP,2016
2016-04-29,Showa Day,JP,2016
2016-05-03,Constitution Day,JP,2016
2016-05-04,Greenery Day,JP,2016
2016-05-05,Children's Day,JP,2016
2016-07-18,Marine Day,JP,2016
2016-08-11,Mountain Day,JP,2016
2016-09-19,Respect for the Aged Day,JP,2016
2016-09-22,Autumnal Equinox,JP,2016
2016-10-10,Physical Education Day,JP,2016
2016-11-03,Culture Day,JP,2016
2016-11-23,Labor Thanksgiving Day,JP,2016
2016-12-23,Emperor's Birthday,JP,2016
2017-01-01,New Year's Day,JP,2017
2017-01-02,Substitute Holiday,JP,2017
2017-01-09,Coming of Age Day,JP,2017
2017-02-11,Foundation Day,JP,2017
2017-03-20,Vernal Equinox Day,JP,2017
2017-04-29,Showa Day,JP,2017
2017-05-03,Constitution Day,JP,2017
2017-05-04,Greenery Day,JP,2017
2017-05-05,Children's Day,JP,2017
2017-07-17,Marine Day,JP,2017
2017-08-11,Mountain Day,JP,2017
2017-09-18,Respect for the Aged Day,JP,2017
2017-09-23,Autumnal Equinox,JP,2017
2017-10-09,Physical Education Day,JP,2017
2017-11-03,Culture Day,JP,2017
2017-11-23,Labor Thanksgiving Day,JP,2017
2017-12-23,Emperor's Birthday,JP,2017
2018-01-01,New Year's Day,JP,2018
2018-01-08,Coming of Age Day,JP,2018
2018-02-11,Foundation Day,JP,2018
2018-02-12,Substitute Holiday,JP,2018
2018-03-21,Vernal Equinox Day,JP,2018
2018-04-29,Showa Day,JP,2018
2018-04-30,Substitute Holiday,JP,2018
2018-05-03,Constitution Day,JP,2018
2018-05-04,Greenery Day,JP,2018
2018-05-05,Children's Day,JP,2018
2018-07-16,Marine Day,JP,2018
2018-08-11,Mountain Day,JP,2018
2018-09-17,Respect for the Aged Day,JP,2018
2018-09-23,Autumnal Equinox,JP,2018
2018-09-24,Substitute Holiday,JP,2018
2018-10-08,Physical Education Day,JP,2018
2018-11-03,Culture Day,JP,2018
2018-11-23,Labor Thanksgiving Day,JP,2018
2018-12-23,Emperor's Birthday,JP,2018
2018-12-24,Substitute Holiday,JP,2018
2019-01-01,New Year's Day,JP,2019
2019-01-14,Coming of Age Day,JP,2019
2019-02-11,Foundation Day,JP,2019
2019-03-21,Vernal Equinox Day,JP,2019
2019-04-29,Showa Day,JP,2019
2019-04-30,National Holiday,JP,2019
2019-05-01,Emperor's Enthronement Day,JP,2019
2019-05-02,National Holiday,JP,2019
2019-05-03,Constitution Day,JP,2019
2019-05-04,Greenery Day,JP,2019
2019-05-05,Children's Day,JP,2019
2019-05-06,Substitute Holiday,JP,2019
2019-07-15,Marine Day,JP,2019
2019-08-11,Mountain Day,JP,2019
2019-08-12,Substitute Holiday,JP,2019
2019-09-16,Respect for the Aged Day,JP,2019
2019-09-23,Autumnal Equinox,JP,2019
2019-10-14,Physical Education Day,JP,2019
2019-10-22,Emperor's Enthronement Day,JP,2019
2019-11-03,Culture Day,JP,2019
2019-11-04,Substitute Holiday,JP,2019
2019-11-23,Labor Thanksgiving Day,JP,2019
2020-01-01,New Year's Day,JP,2020
2020-01-13,Coming of Age Day,JP,2020
2020-02-11,Foundation Day,JP,2020
2020-02-23,Emperor's Birthday,JP,2020
2020-02-24,Substitute Holiday,JP,2020
2020-03-20,Vernal Equinox Day,JP,2020
2020-04-29,Showa Day,JP,2020
2020-05-03,Constitution Day,JP,2020
2020-05-04,Greenery Day,JP,2020
2020-05-05,Children's Day,JP,2020
2020-05-06,Substitute Holiday,JP,2020
2020-07-23,Marine Day,JP,2020
2020-07-24,Sports Day,JP,2020
2020-08-10,Mountain Day,JP,2020
2020-09-21,Respect for the Aged Day,JP,2020
2020-09-22,Autumnal Equinox,JP,2020
2020-11-03,Culture Day,JP,2020
2020-11-23,Labor Thanksgiving Day,JP,2020
2021-01-01,New Year's Day,JP,2021
2021-01-11,Coming of Age Day,JP,2021
2021-02-11,Foundation Day,JP,2021
2021-02-23,Emperor's Birthday,JP,2021
2021-03-20,Vernal Equinox Day,JP,2021
2021-04-29,Showa Day,JP,2021
2021-05-03,Constitution Day,JP,2021
2021-05-04,Greenery Day,JP,2021
2021-05-05,Children's Day,JP,2021
2021-07-22,Marine Day,JP,2021
2021-07-23,Sports Day,JP,2021
2021-08-08,Mountain Day,JP,2021
2021-08-09,Substitute Holiday,JP,2021
2021-09-20,Respect for the Aged Day,JP,2021
2021-09-23,Autumnal Equinox,JP,2021
2021-11-03,Culture Day,JP,2021
2021-11-23,Labor Thanksgiving Day,JP,2021
2022-01-01,New Year's Day,JP,2022
2022-01-10,Coming of Age Day,JP,2022
2022-02-11,Foundation Day,JP,2022
2022-02-23,Emperor's Birthday,JP,2022
2022-03-21,Vernal Equinox Day,JP,2022
2022-04-29,Showa Day,JP,2022
2022-05-03,Constitution Day,JP,2022
2022-05-04,Greenery Day,JP,2022
2022-05-05,Children's Day,JP,2022
2022-07-18,Marine Day,JP,2022
2022-08-11,Mountain Day,JP,2022
2022-09-19,Respect for the Aged Day,JP,2022
2022-09-23,Autumnal Equinox,JP,2022
2022-10-10,Sports Day,JP,2022
2022-11-03,Culture Day,JP,2022
2022-11-23,Labor Thanksgiving Day,JP,2022
2023-01-01,New Year's Day,JP,2023
2023-01-02,Substitute Holiday,JP,2023
2023-01-09,Coming of Age Day,JP,2023
2023-02-11,Foundation Day,JP,2023
2023-02-23,Emperor's Birthday,JP,2023
2023-03-21,Vernal Equinox Day,JP,2023
2023-04-29,Showa Day,JP,2023
2023-05-03,Constitution Day,JP,2023
2023-05-04,Greenery Day,JP,2023
2023-05-05,Children's Day,JP,2023
2023-07-17,Marine Day,JP,2023
2023-08-11,Mountain Day,JP,2023
2023-09-18,Respect for the Aged Day,JP,2023
2023-09-23,Autumnal Equinox,JP,2023
2023-10-09,Sports Day,JP,2023
2023-11-03,Culture Day,JP,2023
2023-11-23,Labor Thanksgiving Day,JP,2023
2024-01-01,New Year's Day,JP,2024
2024-01-08,Coming of Age Day,JP,2024
2024-02-11,Foundation Day,JP,2024
2024-02-12,Substitute Holiday,JP,2024
2024-02-23,Emperor's Birthday,JP,2024
2024-03-20,Vernal Equinox Day,JP,2024
2024-04-29,Showa Day,JP,2024
2024-05-03,Constitution Day,JP,2024
2024-05-04,Greenery Day,JP,2024
2024-05-05,Children's Day,JP,2024
2024-05-06,Substitute Holiday,JP,2024
2024-07-15,Marine Day,JP,2024
2024-08-11,Mountain Day,JP,2024
2024-08-12,Substitute Holiday,JP,2024
2024-09-16,Respect for the Aged Day,JP,2024
2024-09-22,Autumnal Equinox,JP,2024
2024-09-23,Substitute Holiday,JP,2024
2024-10-14,Sports Day,JP,2024
2024-11-03,Culture Day,JP,2024
2024-11-04,Substitute Holiday,JP,2024
2024-11-23,Labor Thanksgiving Day,JP,2024
2025-01-01,New Year's Day,JP,2025
2025-01-13,Coming of Age Day,JP,2025
2025-02-11,Foundation Day,JP,2025
2025-02-23,Emperor's Birthday,JP,2025
2025-02-24,Substitute Holiday,JP,2025
2025-03-20,Vernal Equinox Day,JP,2025
2025-04-29,Showa Day,JP,2025
2025-05-03,Constitution Day,JP,2025
2025-05-04,Greenery Day,JP,2025
2025-05-05,Children's Day,JP,2025
2025-05-06,Substitute Holiday,JP,2025
2025-07-21,Marine Day,JP,2025
2025-08-11,Mountain Day,JP,2025
2025-09-15,Respect for the Aged Day,JP,2025
2025-09-23,Autumnal Equinox,JP,2025
2025-10-13,Sports Day,JP,2025
2025-11-03,Culture Day,JP,2025
2025-11-23,Labor Thanksgiving Day,JP,2025
2025-11-24,Substitute Holiday,JP,2025
2026-01-01,New Year's Day,JP,2026
2026-01-12,Coming of Age Day,JP,2026
2026-02-11,Foundation Day,JP,2026
2026-02-23,Emperor's Birthday,JP,2026
2026-03-20,Vernal Equinox Day,JP,2026
2026-04-29,Showa Day,JP,2026
2026-05-03,Constitution Day,JP,2026
2026-05-04,Greenery Day,JP,2026
2026-05-05,Children's Day,JP,2026
2026-05-06,Substitute Holiday,JP,2026
2026-07-20,Marine Day,JP,2026
2026-08-11,Mountain Day,JP,2026
2026-09-21,Respect for the Aged Day,JP,2026
2026-09-22,National Holiday,JP,2026
2026-09-23,Autumnal Equinox,JP,2026
2026-10-12,Sports Day,JP,2026
2026-11-03,Culture Day,JP,2026
2026-11-23,Labor Thanksgiving Day,JP,2026
2027-01-01,New Year's Day,JP,2027
2027-01-11,Coming of Age Day,JP,2027
2027-02-11,Foundation Day,JP,2027
2027-02-23,Emperor's Birthday,JP,2027
2027-03-21,Vernal Equinox Day,JP,2027
2027-03-22,Substitute Holiday,JP,2027
2027-04-29,Showa Day,JP,2027
2027-05-03,Constitution Day,JP,2027
2027-05-04,Greenery Day,JP,2027
2027-05-05,Children's Day,JP,2027
2027-07-19,Marine Day,JP,2027
2027-08-11,Mountain Day,JP,2027
2027-09-20,Respect for the Aged Day,JP,2027
2027-09-23,Autumnal Equinox,JP,2027
2027-10-11,Sports Day,JP,2027
2027-11-03,Culture Day,JP,2027
2027-11-23,Labor Thanksgiving Day,JP,2027
2028-01-01,New Year's Day,JP,2028
2028-01-10,Coming of Age Day,JP,2028
2028-02-11,Foundation Day,JP,2028
2028-02-23,Emperor's Birthday,JP,2028
2028-03-20,Vernal Equinox Day,JP,2028
2028-04-29,Showa Day,JP,2028
2028-05-03,Constitution Day,JP,2028
2028-05-04,Greenery Day,JP,2028
2028-05-05,Children's Day,JP,2028
2028-07-17,Marine Day,JP,2028
2028-08-11,Mountain Day,JP,2028
2028-09-18,Respect for the Aged Day,JP,2028
2028-09-22,Autumnal Equinox,JP,2028
2028-10-09,Sports Day,JP,2028
2028-11-03,Culture Day,JP,2028
2028-11-23,Labor Thanksgiving Day,JP,2028
2029-01-01,New Year's Day,JP,2029
2029-01-08,Coming of Age Day,JP,2029
2029-02-11,Foundation Day,JP,2029
2029-02-12,Substitute Holiday,JP,2029
2029-02-23,Emperor's Birthday,JP,2029
2029-03-20,Vernal Equinox Day,JP,2029
2029-04-29,Showa Day,JP,2029
2029-04-30,Substitute Holiday,JP,2029
2029-05-03,Constitution Day,JP,2029
2029-05-04,Greenery Day,JP,2029
2029-05-05,Children's Day,JP,2029
2029-07-16,Marine Day,JP,2029
2029-08-11,Mountain Day,JP,2029
2029-09-17,Respect for the Aged Day,JP,2029
2029-09-23,Autumnal Equinox,JP,2029
2029-09-24,Substitute Holiday,JP,2029
2029-10-08,Sports Day,JP,2029
2029-11-03,Culture Day,JP,2029
2029-11-23,Labor Thanksgiving Day,JP,2029
2030-01-01,New Year's Day,JP,2030
2030-01-14,Coming of Age Day,JP,2030
2030-02-11,Foundation Day,JP,2030
2030-02-23,Emperor's Birthday,JP,2030
2030-03-20,Vernal Equinox Day,JP,2030
2030-04-29,Showa Day,JP,2030
2030-05-03,Constitution Day,JP,2030
2030-05-04,Greenery Day,JP,2030
2030-05-05,Children's Day,JP,2030
2030-05-06,Substitute Holiday,JP,2030
2030-07-15,Marine Day,JP,2030
2030-08-11,Mountain Day,JP,2030
2030-08-12,Substitute Holiday,JP,2030
2030-09-16,Respect for the Aged Day,JP,2030
2030-09-23,Autumnal Equinox,JP,2030
2030-10-14,Sports Day,JP,2030
2030-11-03,Culture Day,JP,2030
2030-11-04,Substitute Holiday,JP,2030
2030-11-23,Labor Thanksgiving Day,JP,2030
2031-01-01,New Year's Day,JP,2031
2031-01-13,Coming of Age Day,JP,2031
2031-02-11,Foundation Day,JP,2031
2031-02-23,Emperor's Birthday,JP,2031
2031-02-24,Substitute Holiday,JP,2031
2031-03-21,Vernal Equinox Day,JP,2031
2031-04-29,Showa Day,JP,2031
2031-05-03,Constitution Day,JP,2031
2031-05-04,Greenery Day,JP,2031
2031-05-05,Children's Day,JP,2031
2031-05-06,Substitute Holiday,JP,2031
2031-07-21,Marine Day,JP,2031
2031-08-11,Mountain Day,JP,2031
2031-09-15,Respect for the Aged Day,JP,2031
2031-09-23,Autumnal Equinox,JP,2031
2031-10-13,Sports Day,JP,2031
2031-11-03,Culture Day,JP,2031
2031-11-23,Labor Thanksgiving Day,JP,2031
2031-11-24,Substitute Holiday,JP,2031
2032-01-01,New Year's Day,JP,2032
2032-01-12,Coming of Age Day,JP,2032
2032-02-11,Foundation Day,JP,2032
2032-02-23,Emperor's Birthday,JP,2032
2032-03-20,Vernal Equinox Day,JP,2032
2032-04-29,Showa Day,JP,2032
2032-05-03,Constitution Day,JP,2032
2032-05-04,Greenery Day,JP,2032
2032-05-05,Children's Day,JP,2032
2032-07-19,Marine Day,JP,2032
2032-08-11,Mountain Day,JP,2032
2032-09-20,Respect for the Aged Day,JP,2032
2032-09-21,National Holiday,JP,2032
2032-09-22,Autumnal Equinox,JP,2032
2032-10-11,Sports Day,JP,2032
2032-11-03,Culture Day,JP,2032
2032-11-23,Labor Thanksgiving Day,JP,2032
2033-01-01,New Year's Day,JP,2033
2033-01-10,Coming of Age Day,JP,2033
2033-02-11,Foundation Day,JP,2033
2033-02-23,Emperor's Birthday,JP,2033
2033-03-20,Vernal Equinox Day,JP,2033
2033-03-21,Substitute Holiday,JP,2033
2033-04-29,Showa Day,JP,2033
2033-05-03,Constitution Day,JP,2033
2033-05-04,Greenery Day,JP,2033
2033-05-05,Children's Day,JP,2033
2033-07-18,Marine Day,JP,2033
2033-08-11,Mountain Day,JP,2033
2033-09-19,Respect for the Aged Day,JP,2033
2033-09-23,Autumnal Equinox,JP,2033
2033-10-10,Sports Day,JP,2033
2033-11-03,Culture Day,JP,2033
2033-11-23,Labor Thanksgiving Day,JP,2033
2034-01-01,New Year's Day,JP,2034
2034-01-02,Substitute Holiday,JP,2034
2034-01-09,Coming of Age Day,JP,2034
2034-02-11,Foundation Day,JP,2034
2034-02-23,Emperor's Birthday,JP,2034
2034-03-20,Vernal Equinox Day,JP,2034
2034-04-29,Showa Day,JP,2034
2034-05-03,Constitution Day,JP,2034
2034-05-04,Greenery Day,JP,2034
2034-05-05,Children's Day,JP,2034
2034-07-17,Marine Day,JP,2034
2034-08-11,Mountain Day,JP,2034
2034-09-18,Respect for the Aged Day,JP,2034
2034-09-23,Autumnal Equinox,JP,2034
2034-10-09,Sports Day,JP,2034
2034-11-03,Culture Day,JP,2034
2034-11-23,Labor Thanksgiving Day,JP,2034
2035-01-01,New Year's Day,JP,2035
2035-01-08,Coming of Age Day,JP,2035
2035-02-11,Foundation Day,JP,2035
2035-02-12,Substitute Holiday,JP,2035
2035-02-23,Emperor's Birthday,JP,2035
2035-03-21,Vernal Equinox Day,JP,2035
2035-04-29,Showa Day,JP,2035
2035-04-30,Substitute Holiday,JP,2035
2035-05-03,Constitution Day,JP,2035
2035-05-04,Greenery Day,JP,2035
2035-05-05,Children's Day,JP,2035
2035-07-16,Marine Day,JP,2035
2035-08-11,Mountain Day,JP,2035
2035-09-17,Respect for the Aged Day,JP,2035
2035-09-23,Autumnal Equinox,JP,2035
2035-09-24,Substitute Holiday,JP,2035
2035-10-08,Sports Day,JP,2035
2035-11-03,Culture Day,JP,2035
2035-11-23,Labor Thanksgiving Day,JP,2035
2036-01-01,New Year's Day,JP,2036
2036-01-14,Coming of Age Day,JP,2036
2036-02-11,Foundation Day,JP,2036
2036-02-23,Emperor's Birthday,JP,2036
2036-03-20,Vernal Equinox Day,JP,2036
2036-04-29,Showa Day,JP,2036
2036-05-03,Constitution Day,JP,2036
2036-05-04,Greenery Day,JP,2036
2036-05-05,Children's Day,JP,2036
2036-05-06,Substitute Holiday,JP,2036
2036-07-21,Marine Day,JP,2036
2036-08-11,Mountain Day,JP,2036
2036-09-15,Respect for the Aged Day,JP,2036
2036-09-22,Autumnal Equinox,JP,2036
2036-10-13,Sports Day,JP,2036
2036-11-03,Culture Day,JP,2036
2036-11-23,Labor Thanksgiving Day,JP,2036
2036-11-24,Substitute Holiday,JP,2036
2037-01-01,New Year's Day,JP,2037
2037-01-12,Coming of Age Day,JP,2037
2037-02-11,Foundation Day,JP,2037
2037-02-23,Emperor's Birthday,JP,2037
2037-03-20,Vernal Equinox Day,JP,2037
2037-04-29,Showa Day,JP,2037
2037-05-03,Constitution Day,JP,2037
2037-05-04,Greenery Day,JP,2037
2037-05-05,Children's Day,JP,2037
2037-05-06,Substitute Holiday,JP,2037
2037-07-20,Marine Day,JP,2037
2037-08-11,Mountain Day,JP,2037
2037-09-21,Respect for the Aged Day,JP,2037
2037-09-22,National Holiday,JP,2037
2037-09-23,Autumnal Equinox,JP,2037
2037-10-12,Sports Day,JP,2037
2037-11-03,Culture Day,JP,2037
2037-11-23,Labor Thanksgiving Day,JP,2037
2038-01-01,New Year's Day,JP,2038
2038-01-11,Coming of Age Day,JP,2038
2038-02-11,Foundation Day,JP,2038
2038-02-23,Emperor's Birthday,JP,2038
2038-03-20,Vernal Equinox Day,JP,2038
2038-04-29,Showa Day,JP,2038
2038-05-03,Constitution Day,JP,2038
2038-05-04,Greenery Day,JP,2038
2038-05-05,Children's Day,JP,2038
2038-07-19,Marine Day,JP,2038
2038-08-11,Mountain Day,JP,2038
2038-09-20,Respect for the Aged Day,JP,2038
2038-09-23,Autumnal Equinox,JP,2038
2038-10-11,Sports Day,JP,2038
2038-11-03,Culture Day,JP,2038
2038-11-23,Labor Thanksgiving Day,JP,2038
2039-01-01,New Year's Day,JP,2039
2039-01-10,Coming of Age Day,JP,2039
2039-02-11,Foundation Day,JP,2039
2039-02-23,Emperor's Birthday,JP,2039
2039-03-21,Vernal Equinox Day,JP,2039
2039-04-29,Showa Day,JP,2039
2039-05-03,Constitution Day,JP,2039
2039-05-04,Greenery Day,JP,2039
2039-05-05,Children's Day,JP,2039
2039-07-18,Marine Day,JP,2039
2039-08-11,Mountain Day,JP,2039
2039-09-19,Respect for the Aged Day,JP,2039
2039-09-23,Autumnal Equinox,JP,2039
2039-10-10,Sports Day,JP,2039
2039-11-03,Culture Day,JP,2039
2039-11-23,Labor Thanksgiving Day,JP,2039
2040-01-01,New Year's Day,JP,2040
2040-01-02,Substitute Holiday,JP,2040
2040-01-09,Coming of Age Day,JP,2040
2040-02-11,Foundation Day,JP,2040
2040-02-23,Emperor's Birthday,JP,2040
2040-03-20,Vernal Equinox Day,JP,2040
2040-04-29,Showa Day,JP,2040
2040-04-30,Substitute Holiday,JP,2040
2040-05-03,Constitution Day,JP,2040
2040-05-04,Greenery Day,JP,2040
2040-05-05,Children's Day,JP,2040
2040-07-16,Marine Day,JP,2040
2040-08-11,Mountain Day,JP,2040
2040-09-17,Respect for the Aged Day,JP,2040
2040-09-22,Autumnal Equinox,JP,2040
2040-10-08,Sports Day,JP,2040
2040-11-03,Culture Day,JP,2040
2040-11-23,Labor Thanksgiving Day,JP,2040
2041-01-01,New Year's Day,JP,2041
2041-01-14,Coming of Age Day,JP,2041
2041-02-11,Foundation Day,JP,2041
2041-02-23,Emperor's Birthday,JP,2041
2041-03-20,Vernal Equinox Day,JP,2041
2041-04-29,Showa Day,JP,2041
2041-05-03,Constitution Day,JP,2041
2041-05-04,Greenery Day,JP,2041
2041-05-05,Children's Day,JP,2041
2041-05-06,Substitute Holiday,JP,2041
2041-07-15,Marine Day,JP,2041
2041-08-11,Mountain Day,JP,2041
2041-08-12,Substitute Holiday,JP,2041
2041-09-16,Respect for the Aged Day,JP,2041
2041-09-23,Autumnal Equinox,JP,2041
2041-10-14,Sports Day,JP,2041
2041-11-03,Culture Day,JP,2041
2041-11-04,Substitute Holiday,JP,2041
2041-11-23,Labor Thanksgiving Day,JP,2041
2042-01-01,New Year's Day,JP,2042
2042-01-13,Coming of Age Day,JP,2042
2042-02-11,Foundation Day,JP,2042
2042-02-23,Emperor's Birthday,JP,2042
2042-02-24,Substitute Holiday,JP,2042
2042-03-20,Vernal Equinox Day,JP,2042
2042-04-29,Showa Day,JP,2042
2042-05-03,Constitution Day,JP,2042
2042-05-04,Greenery Day,JP,2042
2042-05-05,Children's Day,JP,2042
2042-05-06,Substitute Holiday,JP,2042
2042-07-21,Marine Day,JP,2042
2042-08-11,Mountain Day,JP,2042
2042-09-15,Respect for the Aged Day,JP,2042
2042-09-23,Autumnal Equinox,JP,2042
2042-10-13,Sports Day,JP,2042
2042-11-03,Culture Day,JP,2042
2042-11-23,Labor Thanksgiving Day,JP,2042
2042-11-24,Substitute Holiday,JP,2042
2043-01-01,New Year's Day,JP,2043
2043-01-12,Coming of Age Day,JP,2043
2043-02-11,Foundation Day,JP,2043
2043-02-23,Emperor's Birthday,JP,2043
2043-03-21,Vernal Equinox Day,JP,2043
2043-04-29,Showa Day,JP,2043
2043-05-03,Constitution Day,JP,2043
2043-05-04,Greenery Day,JP,2043
2043-05-05,Children's Day,JP,2043
2043-05-06,Substitute Holiday,JP,2043
2043-07-20,Marine Day,JP,2043
2043-08-11,Mountain Day,JP,2043
2043-09-21,Respect for the Aged Day,JP,2043
2043-09-22,National Holiday,JP,2043
2043-09-23,Autumnal Equinox,JP,2043
2043-10-12,Sports Day,JP,2043
2043-11-03,Culture Day,JP,2043
2043-11-23,Labor Thanksgiving Day,JP,2043
2044-01-01,New Year's Day,JP,2044
2044-01-11,Coming of Age Day,JP,2044
2044-02-11,Foundation Day,JP,2044
2044-02-23,Emperor's Birthday,JP,2044
2044-03-20,Vernal Equinox Day,JP,2044
2044-03-21,Substitute Holiday,JP,2044
2044-04-29,Showa Day,JP,2044
2044-05-03,Constitution Day,JP,2044
2044-05-04,Greenery Day,JP,2044
2044-05-05,Children's Day,JP,2044
2044-07-18,Marine Day,JP,2044
2044-08-11,Mountain Day,JP,2044
2044-09-19,Respect for the Aged Day,JP,2044
2044-09-22,Autumnal Equinox,JP,2044
2044-10-10,Sports Day,JP,2044
2044-11-03,Culture Day,JP,2044
2044-11-23,Labor Thanksgiving Day,JP,2044
